,Year,Type,Value,Country
0,1965,Total tax revenue,10945,UK
1,1966,Total tax revenue,11946,UK
2,1967,Total tax revenue,13320,UK
3,1968,Total tax revenue,14976,UK
4,1969,Total tax revenue,16934,UK
5,1970,Total tax revenue,19080,UK
6,1971,Total tax revenue,20167,UK
7,1972,Total tax revenue,21474,UK
8,1973,Total tax revenue,23324,UK
9,1974,Total tax revenue,28900,UK
10,1975,Total tax revenue,37343,UK
11,1976,Total tax revenue,43954,UK
12,1977,Total tax revenue,50389,UK
13,1978,Total tax revenue,55380,UK
14,1979,Total tax revenue,63624,UK
15,1980,Total tax revenue,81153,UK
16,1981,Total tax revenue,92880,UK
17,1982,Total tax revenue,108233,UK
18,1983,Total tax revenue,113345,UK
19,1984,Total tax revenue,122092,UK
20,1985,Total tax revenue,133701,UK
21,1986,Total tax revenue,145729,UK
22,1987,Total tax revenue,154902,UK
23,1988,Total tax revenue,173088,UK
24,1989,Total tax revenue,186990,UK
25,1990,Total tax revenue,202368,UK
26,1991,Total tax revenue,205304,UK
27,1992,Total tax revenue,207654,UK
28,1993,Total tax revenue,211438,UK
29,1994,Total tax revenue,228041,UK
30,1995,Total tax revenue,249597,UK
31,1996,Total tax revenue,264778,UK
32,1997,Total tax revenue,284587,UK
33,1998,Total tax revenue,312365,UK
34,1999,Total tax revenue,332778,UK
35,2000,Total tax revenue,359690,UK
36,2001,Total tax revenue,369143,UK
37,2002,Total tax revenue,374624,UK
38,2003,Total tax revenue,392640,UK
39,2004,Total tax revenue,424991,UK
40,2005,Total tax revenue,454976,UK
41,2006,Total tax revenue,483578,UK
42,2007,Total tax revenue,509308,UK
43,2008,Total tax revenue,512205,UK
44,2009,Total tax revenue,481292,UK
45,2010,Total tax revenue,515253,UK
46,2011,Total tax revenue,546130,UK
47,2012,Total tax revenue,550431,UK
48,2013,Total tax revenue,570196,UK
49,2014,Total tax revenue,590196,UK
50,2015,Total tax revenue,611338,UK
51,2016,Total tax revenue,649143,UK
52,2017,Total tax revenue,681497,UK
53,2018,Total tax revenue,704795,UK
54,2019,Total tax revenue,726723,UK
55,2020,Total tax revenue,690450,UK
56,2021,Total tax revenue,775646,UK
57,1965,Income tax,3615,UK
58,1966,Income tax,4446,UK
59,1967,Income tax,4115,UK
60,1968,Income tax,4585,UK
61,1969,Income tax,5157,UK
62,1970,Income tax,5752,UK
63,1971,Income tax,6493,UK
64,1972,Income tax,6687,UK
65,1973,Income tax,7371,UK
66,1974,Income tax,9869,UK
67,1975,Income tax,14448,UK
68,1976,Income tax,16801,UK
69,1977,Income tax,17453,UK
70,1978,Income tax,18785,UK
71,1979,Income tax,20355,UK
72,1980,Income tax,23376,UK
73,1981,Income tax,26958,UK
74,1982,Income tax,29786,UK
75,1983,Income tax,31023,UK
76,1984,Income tax,32064,UK
77,1985,Income tax,33965,UK
78,1986,Income tax,39283,UK
79,1987,Income tax,40040,UK
80,1988,Income tax,43268,UK
81,1989,Income tax,46546,UK
82,1990,Income tax,57614,UK
83,1991,Income tax,58951,UK
84,1992,Income tax,61021,UK
85,1993,Income tax,60987,UK
86,1994,Income tax,65717,UK
87,1995,Income tax,71121,UK
88,1996,Income tax,71206,UK
89,1997,Income tax,72525,UK
90,1998,Income tax,85903,UK
91,1999,Income tax,93079,UK
92,2000,Income tax,101925,UK
93,2001,Income tax,107661,UK
94,2002,Income tax,108525,UK
95,2003,Income tax,110203,UK
96,2004,Income tax,117369,UK
97,2005,Income tax,127803,UK
98,2006,Income tax,136611,UK
99,2007,Income tax,147309,UK
100,2008,Income tax,149228,UK
101,2009,Income tax,138023,UK
102,2010,Income tax,144502,UK
103,2011,Income tax,149353,UK
104,2012,Income tax,146474,UK
105,2013,Income tax,152668,UK
106,2014,Income tax,156187,UK
107,2015,Income tax,163291,UK
108,2016,Income tax,169076,UK
109,2017,Income tax,177403,UK
110,2018,Income tax,184957,UK
111,2019,Income tax,191303,UK
112,2020,Income tax,186966,UK
113,2021,Income tax,218021,UK
114,1965,Employee National Insurance,770,UK
115,1966,Employee National Insurance,808,UK
116,1967,Employee National Insurance,854,UK
117,1968,Employee National Insurance,953,UK
118,1969,Employee National Insurance,992,UK
119,1970,Employee National Insurance,1171,UK
120,1971,Employee National Insurance,1237,UK
121,1972,Employee National Insurance,1468,UK
122,1973,Employee National Insurance,1693,UK
123,1974,Employee National Insurance,1991,UK
124,1975,Employee National Insurance,2562,UK
125,1976,Employee National Insurance,3114,UK
126,1977,Employee National Insurance,3520,UK
127,1978,Employee National Insurance,3690,UK
128,1979,Employee National Insurance,4284,UK
129,1980,Employee National Insurance,5228,UK
130,1981,Employee National Insurance,6552,UK
131,1982,Employee National Insurance,8016,UK
132,1983,Employee National Insurance,9413,UK
133,1984,Employee National Insurance,10200,UK
134,1985,Employee National Insurance,11220,UK
135,1986,Employee National Insurance,12625,UK
136,1987,Employee National Insurance,12513,UK
137,1988,Employee National Insurance,13564,UK
138,1989,Employee National Insurance,14140,UK
139,1990,Employee National Insurance,13296,UK
140,1991,Employee National Insurance,13828,UK
141,1992,Employee National Insurance,14104,UK
142,1993,Employee National Insurance,14748,UK
143,1994,Employee National Insurance,17357,UK
144,1995,Employee National Insurance,18646,UK
145,1996,Employee National Insurance,19149,UK
146,1997,Employee National Insurance,21558,UK
147,1998,Employee National Insurance,22528,UK
148,1999,Employee National Insurance,23573,UK
149,2000,Employee National Insurance,24175,UK
150,2001,Employee National Insurance,25236,UK
151,2002,Employee National Insurance,25357,UK
152,2003,Employee National Insurance,29055,UK
153,2004,Employee National Insurance,32805,UK
154,2005,Employee National Insurance,35159,UK
155,2006,Employee National Insurance,37052,UK
156,2007,Employee National Insurance,36585,UK
157,2008,Employee National Insurance,38186,UK
158,2009,Employee National Insurance,37184,UK
159,2010,Employee National Insurance,38703,UK
160,2011,Employee National Insurance,40626,UK
161,2012,Employee National Insurance,41159,UK
162,2013,Employee National Insurance,41481,UK
163,2014,Employee National Insurance,42556,UK
164,2015,Employee National Insurance,44488,UK
165,2016,Employee National Insurance,47295,UK
166,2017,Employee National Insurance,50397,UK
167,2018,Employee National Insurance,52203,UK
168,2019,Employee National Insurance,56222,UK
169,2020,Employee National Insurance,56847,UK
170,2021,Employee National Insurance,61073,UK
171,1965,Self employed National Insurance,75,UK
172,1966,Self employed National Insurance,79,UK
173,1967,Self employed National Insurance,82,UK
174,1968,Self employed National Insurance,94,UK
175,1969,Self employed National Insurance,99,UK
176,1970,Self employed National Insurance,114,UK
177,1971,Self employed National Insurance,120,UK
178,1972,Self employed National Insurance,144,UK
179,1973,Self employed National Insurance,169,UK
180,1974,Self employed National Insurance,193,UK
181,1975,Self employed National Insurance,195,UK
182,1976,Self employed National Insurance,228,UK
183,1977,Self employed National Insurance,277,UK
184,1978,Self employed National Insurance,319,UK
185,1979,Self employed National Insurance,264,UK
186,1980,Self employed National Insurance,317,UK
187,1981,Self employed National Insurance,355,UK
188,1982,Self employed National Insurance,482,UK
189,1983,Self employed National Insurance,552,UK
190,1984,Self employed National Insurance,600,UK
191,1985,Self employed National Insurance,745,UK
192,1986,Self employed National Insurance,725,UK
193,1987,Self employed National Insurance,755,UK
194,1988,Self employed National Insurance,942,UK
195,1989,Self employed National Insurance,1048,UK
196,1990,Self employed National Insurance,1177,UK
197,1991,Self employed National Insurance,1206,UK
198,1992,Self employed National Insurance,1281,UK
199,1993,Self employed National Insurance,1472,UK
200,1994,Self employed National Insurance,1469,UK
201,1995,Self employed National Insurance,1541,UK
202,1996,Self employed National Insurance,1771,UK
203,1997,Self employed National Insurance,1848,UK
204,1998,Self employed National Insurance,1729,UK
205,1999,Self employed National Insurance,1883,UK
206,2000,Self employed National Insurance,2049,UK
207,2001,Self employed National Insurance,2183,UK
208,2002,Self employed National Insurance,2318,UK
209,2003,Self employed National Insurance,2595,UK
210,2004,Self employed National Insurance,2727,UK
211,2005,Self employed National Insurance,2825,UK
212,2006,Self employed National Insurance,2930,UK
213,2007,Self employed National Insurance,2860,UK
214,2008,Self employed National Insurance,3053,UK
215,2009,Self employed National Insurance,2850,UK
216,2010,Self employed National Insurance,2756,UK
217,2011,Self employed National Insurance,2641,UK
218,2012,Self employed National Insurance,2560,UK
219,2013,Self employed National Insurance,2585,UK
220,2014,Self employed National Insurance,2672,UK
221,2015,Self employed National Insurance,3194,UK
222,2016,Self employed National Insurance,3295,UK
223,2017,Self employed National Insurance,3580,UK
224,2018,Self employed National Insurance,3848,UK
225,2019,Self employed National Insurance,4356,UK
226,2020,Self employed National Insurance,4101,UK
227,2021,Self employed National Insurance,4105,UK
228,1965,Employers NI,831,UK
229,1966,Employers NI,906,UK
230,1967,Employers NI,976,UK
231,1968,Employers NI,1101,UK
232,1969,Employers NI,1136,UK
233,1970,Employers NI,1354,UK
234,1971,Employers NI,1453,UK
235,1972,Employers NI,1708,UK
236,1973,Employers NI,2054,UK
237,1974,Employers NI,2791,UK
238,1975,Employers NI,4068,UK
239,1976,Employers NI,5066,UK
240,1977,Employers NI,5694,UK
241,1978,Employers NI,6069,UK
242,1979,Employers NI,6889,UK
243,1980,Employers NI,8210,UK
244,1981,Employers NI,8814,UK
245,1982,Employers NI,9344,UK
246,1983,Employers NI,10536,UK
247,1984,Employers NI,11269,UK
248,1985,Employers NI,12245,UK
249,1986,Employers NI,13540,UK
250,1987,Employers NI,14395,UK
251,1988,Employers NI,16176,UK
252,1989,Employers NI,18145,UK
253,1990,Employers NI,19984,UK
254,1991,Employers NI,21159,UK
255,1992,Employers NI,21621,UK
256,1993,Employers NI,23038,UK
257,1994,Employers NI,23240,UK
258,1995,Employers NI,24210,UK
259,1996,Employers NI,25579,UK
260,1997,Employers NI,27200,UK
261,1998,Employers NI,28731,UK
262,1999,Employers NI,31286,UK
263,2000,Employers NI,34028,UK
264,2001,Employers NI,35706,UK
265,2002,Employers NI,35735,UK
266,2003,Employers NI,39890,UK
267,2004,Employers NI,43692,UK
268,2005,Employers NI,46475,UK
269,2006,Employers NI,49568,UK
270,2007,Employers NI,53765,UK
271,2008,Employers NI,57080,UK
272,2009,Employers NI,54411,UK
273,2010,Employers NI,55887,UK
274,2011,Employers NI,58174,UK
275,2012,Employers NI,60600,UK
276,2013,Employers NI,62019,UK
277,2014,Employers NI,63892,UK
278,2015,Employers NI,66491,UK
279,2016,Employers NI,71373,UK
280,2017,Employers NI,76472,UK
281,2018,Employers NI,79327,UK
282,2019,Employers NI,82728,UK
283,2020,Employers NI,84042,UK
284,2021,Employers NI,89367,UK
285,1965,Capital gains,3,UK
286,1966,Capital gains,7,UK
287,1967,Capital gains,22,UK
288,1968,Capital gains,51,UK
289,1969,Capital gains,156,UK
290,1970,Capital gains,264,UK
291,1971,Capital gains,245,UK
292,1972,Capital gains,276,UK
293,1973,Capital gains,377,UK
294,1974,Capital gains,496,UK
295,1975,Capital gains,488,UK
296,1976,Capital gains,420,UK
297,1977,Capital gains,403,UK
298,1978,Capital gains,416,UK
299,1979,Capital gains,529,UK
300,1980,Capital gains,492,UK
301,1981,Capital gains,487,UK
302,1982,Capital gains,592,UK
303,1983,Capital gains,643,UK
304,1984,Capital gains,694,UK
305,1985,Capital gains,855,UK
306,1986,Capital gains,971,UK
307,1987,Capital gains,1230,UK
308,1988,Capital gains,2172,UK
309,1989,Capital gains,2002,UK
310,1990,Capital gains,1892,UK
311,1991,Capital gains,1359,UK
312,1992,Capital gains,1073,UK
313,1993,Capital gains,785,UK
314,1994,Capital gains,821,UK
315,1995,Capital gains,852,UK
316,1996,Capital gains,972,UK
317,1997,Capital gains,482,UK
318,1998,Capital gains,1460,UK
319,1999,Capital gains,1971,UK
320,2000,Capital gains,2211,UK
321,2001,Capital gains,3400,UK
322,2002,Capital gains,2820,UK
323,2003,Capital gains,1526,UK
324,2004,Capital gains,2296,UK
325,2005,Capital gains,2332,UK
326,2006,Capital gains,2874,UK
327,2007,Capital gains,3848,UK
328,2008,Capital gains,5288,UK
329,2009,Capital gains,7815,UK
330,2010,Capital gains,2517,UK
331,2011,Capital gains,3600,UK
332,2012,Capital gains,4334,UK
333,2013,Capital gains,3902,UK
334,2014,Capital gains,3914,UK
335,2015,Capital gains,5582,UK
336,2016,Capital gains,7060,UK
337,2017,Capital gains,8560,UK
338,2018,Capital gains,7797,UK
339,2019,Capital gains,9187,UK
340,2020,Capital gains,10253,UK
341,2021,Capital gains,12109,UK
342,1965,Corporation tax,484,UK
343,1966,Corporation tax,141,UK
344,1967,Corporation tax,1171,UK
345,1968,Corporation tax,1287,UK
346,1969,Corporation tax,1358,UK
347,1970,Corporation tax,1658,UK
348,1971,Corporation tax,1527,UK
349,1972,Corporation tax,1429,UK
350,1973,Corporation tax,1939,UK
351,1974,Corporation tax,2847,UK
352,1975,Corporation tax,2310,UK
353,1976,Corporation tax,2168,UK
354,1977,Corporation tax,3037,UK
355,1978,Corporation tax,3839,UK
356,1979,Corporation tax,4884,UK
357,1980,Corporation tax,6783,UK
358,1981,Corporation tax,8471,UK
359,1982,Corporation tax,10492,UK
360,1983,Corporation tax,12069,UK
361,1984,Corporation tax,13997,UK
362,1985,Corporation tax,16854,UK
363,1986,Corporation tax,15345,UK
364,1987,Corporation tax,16264,UK
365,1988,Corporation tax,18808,UK
366,1989,Corporation tax,23433,UK
367,1990,Corporation tax,20070,UK
368,1991,Corporation tax,16736,UK
369,1992,Corporation tax,12976,UK
370,1993,Corporation tax,12578,UK
371,1994,Corporation tax,15398,UK
372,1995,Corporation tax,20174,UK
373,1996,Corporation tax,24726,UK
374,1997,Corporation tax,32001,UK
375,1998,Corporation tax,34020,UK
376,1999,Corporation tax,32743,UK
377,2000,Corporation tax,38061,UK
378,2001,Corporation tax,34255,UK
379,2002,Corporation tax,31274,UK
380,2003,Corporation tax,31467,UK
381,2004,Corporation tax,38076,UK
382,2005,Corporation tax,47014,UK
383,2006,Corporation tax,50269,UK
384,2007,Corporation tax,50159,UK
385,2008,Corporation tax,45856,UK
386,2009,Corporation tax,38823,UK
387,2010,Corporation tax,45752,UK
388,2011,Corporation tax,45216,UK
389,2012,Corporation tax,43222,UK
390,2013,Corporation tax,43199,UK
391,2014,Corporation tax,45026,UK
392,2015,Corporation tax,43824,UK
393,2016,Corporation tax,54611,UK
394,2017,Corporation tax,54561,UK
395,2018,Corporation tax,54691,UK
396,2019,Corporation tax,51253,UK
397,2020,Corporation tax,50077,UK
398,2021,Corporation tax,61360,UK
399,1965,Property taxes,1591,UK
400,1966,Property taxes,1742,UK
401,1967,Property taxes,1875,UK
402,1968,Property taxes,2074,UK
403,1969,Property taxes,2265,UK
404,1970,Property taxes,2378,UK
405,1971,Property taxes,2679,UK
406,1972,Property taxes,3162,UK
407,1973,Property taxes,3166,UK
408,1974,Property taxes,3686,UK
409,1975,Property taxes,4746,UK
410,1976,Property taxes,5363,UK
411,1977,Property taxes,6057,UK
412,1978,Property taxes,6641,UK
413,1979,Property taxes,7902,UK
414,1980,Property taxes,9774,UK
415,1981,Property taxes,12386,UK
416,1982,Property taxes,13850,UK
417,1983,Property taxes,13981,UK
418,1984,Property taxes,14603,UK
419,1985,Property taxes,16007,UK
420,1986,Property taxes,18101,UK
421,1987,Property taxes,20393,UK
422,1988,Property taxes,22356,UK
423,1989,Property taxes,23676,UK
424,1990,Property taxes,16538,UK
425,1991,Property taxes,15374,UK
426,1992,Property taxes,15284,UK
427,1993,Property taxes,21194,UK
428,1994,Property taxes,23808,UK
429,1995,Property taxes,25033,UK
430,1996,Property taxes,27218,UK
431,1997,Property taxes,29641,UK
432,1998,Property taxes,32543,UK
433,1999,Property taxes,35988,UK
434,2000,Property taxes,41134,UK
435,2001,Property taxes,42247,UK
436,2002,Property taxes,44644,UK
437,2003,Property taxes,46555,UK
438,2004,Property taxes,50393,UK
439,2005,Property taxes,53838,UK
440,2006,Property taxes,59656,UK
441,2007,Property taxes,63392,UK
442,2008,Property taxes,60086,UK
443,2009,Property taxes,58413,UK
444,2010,Property taxes,61768,UK
445,2011,Property taxes,63405,UK
446,2012,Property taxes,65320,UK
447,2013,Property taxes,70889,UK
448,2014,Property taxes,74593,UK
449,2015,Property taxes,76427,UK
450,2016,Property taxes,81212,UK
451,2017,Property taxes,85545,UK
452,2018,Property taxes,88654,UK
453,2019,Property taxes,90329,UK
454,2020,Property taxes,80134,UK
455,2021,Property taxes,88393,UK
456,1965,Inheritance tax,287,UK
457,1966,Inheritance tax,308,UK
458,1967,Inheritance tax,317,UK
459,1968,Inheritance tax,380,UK
460,1969,Inheritance tax,450,UK
461,1970,Inheritance tax,383,UK
462,1971,Inheritance tax,404,UK
463,1972,Inheritance tax,483,UK
464,1973,Inheritance tax,419,UK
465,1974,Inheritance tax,380,UK
466,1975,Inheritance tax,307,UK
467,1976,Inheritance tax,390,UK
468,1977,Inheritance tax,393,UK
469,1978,Inheritance tax,372,UK
470,1979,Inheritance tax,418,UK
471,1980,Inheritance tax,479,UK
472,1981,Inheritance tax,1010,UK
473,1982,Inheritance tax,701,UK
474,1983,Inheritance tax,690,UK
475,1984,Inheritance tax,750,UK
476,1985,Inheritance tax,923,UK
477,1986,Inheritance tax,1025,UK
478,1987,Inheritance tax,1089,UK
479,1988,Inheritance tax,1107,UK
480,1989,Inheritance tax,1182,UK
481,1990,Inheritance tax,1321,UK
482,1991,Inheritance tax,1263,UK
483,1992,Inheritance tax,1227,UK
484,1993,Inheritance tax,1279,UK
485,1994,Inheritance tax,1438,UK
486,1995,Inheritance tax,1441,UK
487,1996,Inheritance tax,1621,UK
488,1997,Inheritance tax,1601,UK
489,1998,Inheritance tax,1795,UK
490,1999,Inheritance tax,1951,UK
491,2000,Inheritance tax,2215,UK
492,2001,Inheritance tax,2396,UK
493,2002,Inheritance tax,2381,UK
494,2003,Inheritance tax,2416,UK
495,2004,Inheritance tax,2871,UK
496,2005,Inheritance tax,3150,UK
497,2006,Inheritance tax,3575,UK
498,2007,Inheritance tax,3867,UK
499,2008,Inheritance tax,3257,UK
500,2009,Inheritance tax,2401,UK
501,2010,Inheritance tax,2642,UK
502,2011,Inheritance tax,2936,UK
503,2012,Inheritance tax,3129,UK
504,2013,Inheritance tax,4255,UK
505,2014,Inheritance tax,3886,UK
506,2015,Inheritance tax,4470,UK
507,2016,Inheritance tax,4804,UK
508,2017,Inheritance tax,5381,UK
509,2018,Inheritance tax,5352,UK
510,2019,Inheritance tax,5164,UK
511,2020,Inheritance tax,5252,UK
512,2021,Inheritance tax,6026,UK
513,1965,VAT,0,UK
514,1966,VAT,0,UK
515,1967,VAT,0,UK
516,1968,VAT,0,UK
517,1969,VAT,0,UK
518,1970,VAT,0,UK
519,1971,VAT,0,UK
520,1972,VAT,0,UK
521,1973,VAT,1533,UK
522,1974,VAT,2406,UK
523,1975,VAT,3326,UK
524,1976,VAT,3715,UK
525,1977,VAT,4308,UK
526,1978,VAT,5214,UK
527,1979,VAT,7952,UK
528,1980,VAT,11897,UK
529,1981,VAT,13056,UK
530,1982,VAT,14308,UK
531,1983,VAT,16216,UK
532,1984,VAT,18437,UK
533,1985,VAT,21228,UK
534,1986,VAT,22715,UK
535,1987,VAT,25021,UK
536,1988,VAT,28861,UK
537,1989,VAT,31737,UK
538,1990,VAT,34136,UK
539,1991,VAT,37523,UK
540,1992,VAT,41031,UK
541,1993,VAT,41762,UK
542,1994,VAT,44690,UK
543,1995,VAT,47539,UK
544,1996,VAT,51692,UK
545,1997,VAT,54475,UK
546,1998,VAT,57539,UK
547,1999,VAT,62073,UK
548,2000,VAT,65018,UK
549,2001,VAT,67859,UK
550,2002,VAT,72136,UK
551,2003,VAT,78356,UK
552,2004,VAT,82691,UK
553,2005,VAT,84649,UK
554,2006,VAT,89016,UK
555,2007,VAT,93374,UK
556,2008,VAT,93434,UK
557,2009,VAT,81122,UK
558,2010,VAT,97646,UK
559,2011,VAT,113485,UK
560,2012,VAT,116462,UK
561,2013,VAT,121460,UK
562,2014,VAT,127647,UK
563,2015,VAT,132906,UK
564,2016,VAT,137214,UK
565,2017,VAT,143382,UK
566,2018,VAT,149304,UK
567,2019,VAT,154996,UK
568,2020,VAT,139461,UK
569,2021,VAT,157118,UK
570,1965,Yearly GDP,676536.0,UK
571,1966,Yearly GDP,687017.0,UK
572,1967,Yearly GDP,705998.0,UK
573,1968,Yearly GDP,744483.0,UK
574,1969,Yearly GDP,758753.0,UK
575,1970,Yearly GDP,779191.0,UK
576,1971,Yearly GDP,807283.0,UK
577,1972,Yearly GDP,841952.0,UK
578,1973,Yearly GDP,896657.0,UK
579,1974,Yearly GDP,874193.0,UK
580,1975,Yearly GDP,861030.0,UK
581,1976,Yearly GDP,886970.0,UK
582,1977,Yearly GDP,908576.0,UK
583,1978,Yearly GDP,946515.0,UK
584,1979,Yearly GDP,981743.0,UK
585,1980,Yearly GDP,961530.0,UK
586,1981,Yearly GDP,954866.0,UK
587,1982,Yearly GDP,973684.0,UK
588,1983,Yearly GDP,1014561.0,UK
589,1984,Yearly GDP,1037295.0,UK
590,1985,Yearly GDP,1080084.0,UK
591,1986,Yearly GDP,1114157.0,UK
592,1987,Yearly GDP,1174273.0,UK
593,1988,Yearly GDP,1240052.0,UK
594,1989,Yearly GDP,1270365.0,UK
595,1990,Yearly GDP,1278416.0,UK
596,1991,Yearly GDP,1263249.0,UK
597,1992,Yearly GDP,1267206.0,UK
598,1993,Yearly GDP,1297628.0,UK
599,1994,Yearly GDP,1346524.0,UK
600,1995,Yearly GDP,1381233.0,UK
601,1996,Yearly GDP,1407583.0,UK
602,1997,Yearly GDP,1471263.0,UK
603,1998,Yearly GDP,1517715.0,UK
604,1999,Yearly GDP,1563460.0,UK
605,2000,Yearly GDP,1627447.0,UK
606,2001,Yearly GDP,1662558.0,UK
607,2002,Yearly GDP,1691998.0,UK
608,2003,Yearly GDP,1744840.0,UK
609,2004,Yearly GDP,1785756.0,UK
610,2005,Yearly GDP,1833406.0,UK
611,2006,Yearly GDP,1873015.0,UK
612,2007,Yearly GDP,1921029.0,UK
613,2008,Yearly GDP,1918064.0,UK
614,2009,Yearly GDP,1831550.0,UK
615,2010,Yearly GDP,1876058.0,UK
616,2011,Yearly GDP,1896087.0,UK
617,2012,Yearly GDP,1923551.0,UK
618,2013,Yearly GDP,1958557.0,UK
619,2014,Yearly GDP,2021225.0,UK
620,2015,Yearly GDP,2069595.0,UK
621,2016,Yearly GDP,2114406.0,UK
622,2017,Yearly GDP,2166073.0,UK
623,2018,Yearly GDP,2203005.0,UK
624,2019,Yearly GDP,2238348.0,UK
625,2020,Yearly GDP,1991439.0,UK
626,2021,Yearly GDP,2141293.0,UK
627,1965,Adjusted Total tax revenue,181607.0620774265,UK
628,1966,Adjusted Total tax revenue,190757.72415739094,UK
629,1967,Adjusted Total tax revenue,207550.95217187723,UK
630,1968,Adjusted Total tax revenue,222879.25889543077,UK
631,1969,Adjusted Total tax revenue,238993.88825409577,UK
632,1970,Adjusted Total tax revenue,253154.96572634878,UK
633,1971,Adjusted Total tax revenue,244496.86462716595,UK
634,1972,Adjusted Total tax revenue,243151.60577867075,UK
635,1973,Adjusted Total tax revenue,241849.16239033575,UK
636,1974,Adjusted Total tax revenue,258244.85478490047,UK
637,1975,Adjusted Total tax revenue,268649.77278497093,UK
638,1976,Adjusted Total tax revenue,271285.2228722962,UK
639,1977,Adjusted Total tax revenue,268475.66386487446,UK
640,1978,Adjusted Total tax revenue,272554.9751812617,UK
641,1979,Adjusted Total tax revenue,276078.4379616371,UK
642,1980,Adjusted Total tax revenue,298500.12637157517,UK
643,1981,Adjusted Total tax revenue,305358.27195461286,UK
644,1982,Adjusted Total tax revenue,327655.41795413167,UK
645,1983,Adjusted Total tax revenue,328009.80194931425,UK
646,1984,Adjusted Total tax revenue,336626.1430707361,UK
647,1985,Adjusted Total tax revenue,347538.337924979,UK
648,1986,Adjusted Total tax revenue,366241.47495512536,UK
649,1987,Adjusted Total tax revenue,373782.78059886704,UK
650,1988,Adjusted Total tax revenue,400985.1172260465,UK
651,1989,Adjusted Total tax revenue,409598.3830775289,UK
652,1990,Adjusted Total tax revenue,410219.90369240637,UK
653,1991,Adjusted Total tax revenue,387280.35118940397,UK
654,1992,Adjusted Total tax revenue,374522.7389306892,UK
655,1993,Adjusted Total tax revenue,371828.7096368537,UK
656,1994,Adjusted Total tax revenue,392316.828360925,UK
657,1995,Adjusted Total tax revenue,418112.275384027,UK
658,1996,Adjusted Total tax revenue,431252.0360424579,UK
659,1997,Adjusted Total tax revenue,453537.730811699,UK
660,1998,Adjusted Total tax revenue,488908.5570653558,UK
661,1999,Adjusted Total tax revenue,511900.3918487911,UK
662,2000,Adjusted Total tax revenue,546845.3751246226,UK
663,2001,Adjusted Total tax revenue,552759.7742847387,UK
664,2002,Adjusted Total tax revenue,552568.0640351879,UK
665,2003,Adjusted Total tax revenue,571258.1886926128,UK
666,2004,Adjusted Total tax revenue,609849.26893589,UK
667,2005,Adjusted Total tax revenue,639511.0585813737,UK
668,2006,Adjusted Total tax revenue,663394.3277109258,UK
669,2007,Adjusted Total tax revenue,682382.9609631266,UK
670,2008,Adjusted Total tax revenue,662929.3183962894,UK
671,2009,Adjusted Total tax revenue,610945.1603532868,UK
672,2010,Adjusted Total tax revenue,638164.471227103,UK
673,2011,Adjusted Total tax revenue,651268.1030422719,UK
674,2012,Adjusted Total tax revenue,639950.3842841,UK
675,2013,Adjusted Total tax revenue,648088.6366654856,UK
676,2014,Adjusted Total tax revenue,661232.8951848695,UK
677,2015,Adjusted Total tax revenue,682394.7182528046,UK
678,2016,Adjusted Total tax revenue,717348.6280704751,UK
679,2017,Adjusted Total tax revenue,734303.891844773,UK
680,2018,Adjusted Total tax revenue,742406.0757361649,UK
681,2019,Adjusted Total tax revenue,752412.28015404,UK
682,2020,Adjusted Total tax revenue,707849.34,UK
683,2021,Adjusted Total tax revenue,775646.0,UK
684,1965,Adjusted Income tax,59982.59747920482,UK
685,1966,Adjusted Income tax,70995.21526902395,UK
686,1967,Adjusted Income tax,64119.5321461918,UK
687,1968,Adjusted Income tax,68235.93763592081,UK
688,1969,Adjusted Income tax,72782.06458759726,UK
689,1970,Adjusted Income tax,76317.99595691604,UK
690,1971,Adjusted Income tax,78718.6067349724,UK
691,1972,Adjusted Income tax,75717.36927642598,UK
692,1973,Adjusted Income tax,76430.72268818234,UK
693,1974,Adjusted Income tax,88187.49037620009,UK
694,1975,Adjusted Income tax,103940.54888994618,UK
695,1976,Adjusted Income tax,103696.20579418137,UK
696,1977,Adjusted Income tax,92990.64798733163,UK
697,1978,Adjusted Income tax,92451.15942181295,UK
698,1979,Adjusted Income tax,88324.79260513521,UK
699,1980,Adjusted Income tax,85982.51394356266,UK
700,1981,Adjusted Income tax,88628.85761576715,UK
701,1982,Adjusted Income tax,90171.61382555935,UK
702,1983,Adjusted Income tax,89777.6530581285,UK
703,1984,Adjusted Income tax,88405.30625610262,UK
704,1985,Adjusted Income tax,88287.59431583842,UK
705,1986,Adjusted Income tax,98724.78271766216,UK
706,1987,Adjusted Income tax,96617.61975428746,UK
707,1988,Adjusted Income tax,100237.0126879771,UK
708,1989,Adjusted Income tax,101958.2134805426,UK
709,1990,Adjusted Income tax,116789.26278529363,UK
710,1991,Adjusted Income tax,111203.69784790628,UK
711,1992,Adjusted Income tax,110056.8833361726,UK
712,1993,Adjusted Income tax,107249.96223300825,UK
713,1994,Adjusted Income tax,113058.11239818677,UK
714,1995,Adjusted Income tax,119138.30349558442,UK
715,1996,Adjusted Income tax,115975.3925116107,UK
716,1997,Adjusted Income tax,115580.90821828991,UK
717,1998,Adjusted Income tax,134453.96179977033,UK
718,1999,Adjusted Income tax,143180.06771148823,UK
719,2000,Adjusted Income tax,154959.03377791197,UK
720,2001,Adjusted Income tax,161213.05309668407,UK
721,2002,Adjusted Income tax,160073.6982932721,UK
722,2003,Adjusted Income tax,160336.0996548798,UK
723,2004,Adjusted Income tax,168420.97561062817,UK
724,2005,Adjusted Income tax,179638.9959467649,UK
725,2006,Adjusted Income tax,187409.19252512997,UK
726,2007,Adjusted Income tax,197368.0986682267,UK
727,2008,Adjusted Income tax,193140.66892287554,UK
728,2009,Adjusted Income tax,175204.4161703118,UK
729,2010,Adjusted Income tax,178972.3542051358,UK
730,2011,Adjusted Income tax,178105.66164406357,UK
731,2012,Adjusted Income tax,170295.8092615228,UK
732,2013,Adjusted Income tax,173523.48312237608,UK
733,2014,Adjusted Income tax,174985.90671614042,UK
734,2015,Adjusted Income tax,182270.55399503827,UK
735,2016,Adjusted Income tax,186840.86039538844,UK
736,2017,Adjusted Income tax,191149.35696699805,UK
737,2018,Adjusted Income tax,194827.14909999908,UK
738,2019,Adjusted Income tax,198065.46157244,UK
739,2020,Adjusted Income tax,191677.5432,UK
740,2021,Adjusted Income tax,218021.0,UK
741,1965,Adjusted Employee NI,12776.376226552618,UK
742,1966,Adjusted Employee NI,12902.414290906736,UK
743,1967,Adjusted Employee NI,13306.945432040777,UK
744,1968,Adjusted Employee NI,14182.954976452025,UK
745,1969,Adjusted Employee NI,14000.350605176745,UK
746,1970,Adjusted Employee NI,15536.921638655891,UK
747,1971,Adjusted Employee NI,14996.906904537327,UK
748,1972,Adjusted Employee NI,16622.266800926176,UK
749,1973,Adjusted Employee NI,17554.906187911096,UK
750,1974,Adjusted Employee NI,17791.193974973594,UK
751,1975,Adjusted Employee NI,18431.318262461387,UK
752,1976,Adjusted Employee NI,19219.68840206421,UK
753,1977,Adjusted Employee NI,18754.77458977868,UK
754,1978,Adjusted Employee NI,18160.488595501185,UK
755,1979,Adjusted Employee NI,18589.21206192087,UK
756,1980,Adjusted Employee NI,19229.83328614586,UK
757,1981,Adjusted Employee NI,21540.777323930055,UK
758,1982,Adjusted Employee NI,24266.959525471153,UK
759,1983,Adjusted Employee NI,27240.339368731704,UK
760,1984,Adjusted Employee NI,28122.94547817636,UK
761,1985,Adjusted Employee NI,29164.92884509663,UK
762,1986,Adjusted Employee NI,31728.747341355927,UK
763,1987,Adjusted Employee NI,30194.212686948027,UK
764,1988,Adjusted Employee NI,31423.1034505806,UK
765,1989,Adjusted Employee NI,30973.427117579864,UK
766,1990,Adjusted Employee NI,26952.303919069393,UK
767,1991,Adjusted Employee NI,26084.794725125073,UK
768,1992,Adjusted Employee NI,25437.83750796248,UK
769,1993,Adjusted Employee NI,25935.403332061025,UK
770,1994,Adjusted Employee NI,29860.609231938888,UK
771,1995,Adjusted Employee NI,31234.836503686212,UK
772,1996,Adjusted Employee NI,31188.56263804782,UK
773,1997,Adjusted Employee NI,34356.33532395579,UK
774,1998,Adjusted Employee NI,35260.454831906056,UK
775,1999,Adjusted Employee NI,36261.49546259534,UK
776,2000,Adjusted Employee NI,36753.83509032153,UK
777,2001,Adjusted Employee NI,37788.73136927875,UK
778,2002,Adjusted Employee NI,37401.41688663903,UK
779,2003,Adjusted Employee NI,42272.58219352044,UK
780,2004,Adjusted Employee NI,47074.185729678684,UK
781,2005,Adjusted Employee NI,49419.24257249287,UK
782,2006,Adjusted Employee NI,50829.62134411662,UK
783,2007,Adjusted Employee NI,49017.452360528376,UK
784,2008,Adjusted Employee NI,49422.82670469969,UK
785,2009,Adjusted Employee NI,47200.836171340095,UK
786,2010,Adjusted Employee NI,47935.4405115595,UK
787,2011,Adjusted Employee NI,48447.10591653149,UK
788,2012,Adjusted Employee NI,47852.896851284306,UK
789,2013,Adjusted Employee NI,47147.585632871866,UK
790,2014,Adjusted Employee NI,47678.105387849646,UK
791,2015,Adjusted Employee NI,49658.90591723526,UK
792,2016,Adjusted Employee NI,52264.29825877059,UK
793,2017,Adjusted Employee NI,54302.09265382096,UK
794,2018,Adjusted Employee NI,54988.79017537726,UK
795,2019,Adjusted Employee NI,58209.418464559996,UK
796,2020,Adjusted Employee NI,58279.5444,UK
797,2021,Adjusted Employee NI,61073.0,UK
798,1965,Adjusted Self employed NI,1244.4522298590211,UK
799,1966,Adjusted Self employed NI,1261.4984269574657,UK
800,1967,Adjusted Self employed NI,1277.7160719289739,UK
801,1968,Adjusted Self employed NI,1398.948339754974,UK
802,1969,Adjusted Self employed NI,1397.2124091859855,UK
803,1970,Adjusted Self employed NI,1512.56111597504,UK
804,1971,Adjusted Self employed NI,1454.8333294619881,UK
805,1972,Adjusted Self employed NI,1630.5220840145566,UK
806,1973,Adjusted Self employed NI,1752.3798852669672,UK
807,1974,Adjusted Self employed NI,1724.6109679406848,UK
808,1975,Adjusted Self employed NI,1402.8520925761009,UK
809,1976,Adjusted Self employed NI,1407.221886856339,UK
810,1977,Adjusted Self employed NI,1475.87288675247,UK
811,1978,Adjusted Self employed NI,1569.971778310265,UK
812,1979,Adjusted Self employed NI,1145.5536844881208,UK
813,1980,Adjusted Self employed NI,1166.0017505180256,UK
814,1981,Adjusted Self employed NI,1167.1208714888842,UK
815,1982,Adjusted Self employed NI,1459.1659794507354,UK
816,1983,Adjusted Self employed NI,1597.4362404695528,UK
817,1984,Adjusted Self employed NI,1654.2909104809623,UK
818,1985,Adjusted Self employed NI,1936.5304803562378,UK
819,1986,Adjusted Self employed NI,1822.04687702836,UK
820,1987,Adjusted Self employed NI,1821.8357371250509,UK
821,1988,Adjusted Self employed NI,2182.288664881077,UK
822,1989,Adjusted Self employed NI,2295.625998530672,UK
823,1990,Adjusted Self employed NI,2385.895134833384,UK
824,1991,Adjusted Self employed NI,2274.968356848484,UK
825,1992,Adjusted Self employed NI,2310.3991667399273,UK
826,1993,Adjusted Self employed NI,2588.6163347432757,UK
827,1994,Adjusted Self employed NI,2527.2359832758093,UK
828,1995,Adjusted Self employed NI,2581.4052907959053,UK
829,1996,Adjusted Self employed NI,2884.4819276193375,UK
830,1997,Adjusted Self employed NI,2945.101942604616,UK
831,1998,Adjusted Self employed NI,2706.2023439437844,UK
832,1999,Adjusted Self employed NI,2896.5509674656187,UK
833,2000,Adjusted Self employed NI,3115.144078596435,UK
834,2001,Adjusted Self employed NI,3268.8540410182086,UK
835,2002,Adjusted Self employed NI,3419.0355461304284,UK
836,2003,Adjusted Self employed NI,3775.5068247181393,UK
837,2004,Adjusted Self employed NI,3913.162764360121,UK
838,2005,Adjusted Self employed NI,3970.8000872406033,UK
839,2006,Adjusted Self employed NI,4019.5074635178044,UK
840,2007,Adjusted Self employed NI,3831.8959614899863,UK
841,2008,Adjusted Self employed NI,3951.3929170232063,UK
842,2009,Adjusted Self employed NI,3617.74911489671,UK
843,2010,Adjusted Self employed NI,3413.4323967097635,UK
844,2011,Adjusted Self employed NI,3149.431564159889,UK
845,2012,Adjusted Self employed NI,2976.345779520587,UK
846,2013,Adjusted Self employed NI,2938.128513318719,UK
847,2014,Adjusted Self employed NI,2993.6060155168307,UK
848,2015,Adjusted Self employed NI,3565.243335273544,UK
849,2016,Adjusted Self employed NI,3641.2065284416767,UK
850,2017,Adjusted Self employed NI,3857.4020616441267,UK
851,2018,Adjusted Self employed NI,4053.346830543296,UK
852,2019,Adjusted Self employed NI,4509.98233488,UK
853,2020,Adjusted Self employed NI,4204.3452,UK
854,2021,Adjusted Self employed NI,4105.0,UK
855,1965,Adjusted Employer NI,13788.530706837955,UK
856,1966,Adjusted Employer NI,14467.311073714733,UK
857,1967,Adjusted Employer NI,15207.937636618031,UK
858,1968,Adjusted Employer NI,16385.554490108792,UK
859,1969,Adjusted Employer NI,16032.659563992724,UK
860,1970,Adjusted Employer NI,17964.98027219477,UK
861,1971,Adjusted Employer NI,17615.606897568905,UK
862,1972,Adjusted Employer NI,19339.8036076171,UK
863,1973,Adjusted Employer NI,21298.155528629293,UK
864,1974,Adjusted Employer NI,24939.84047420959,UK
865,1975,Adjusted Employer NI,29265.652885126045,UK
866,1976,Adjusted Employer NI,31267.482801816728,UK
867,1977,Adjusted Employer NI,30337.979123352223,UK
868,1978,Adjusted Employer NI,29868.836120893415,UK
869,1979,Adjusted Employer NI,29892.876259237364,UK
870,1980,Adjusted Employer NI,30198.341866728675,UK
871,1981,Adjusted Employer NI,28977.47425719162,UK
872,1982,Adjusted Employer NI,28287.234257235836,UK
873,1983,Adjusted Employer NI,30490.19606809277,UK
874,1984,Adjusted Employer NI,31070.34045034994,UK
875,1985,Adjusted Employer NI,31829.282861694137,UK
876,1986,Adjusted Employer NI,34028.29615857103,UK
877,1987,Adjusted Employer NI,34735.530378695505,UK
878,1988,Adjusted Employer NI,37474.20535362664,UK
879,1989,Adjusted Employer NI,39746.31082379679,UK
880,1990,Adjusted Employer NI,40509.53982541236,UK
881,1991,Adjusted Employer NI,39913.81049963273,UK
882,1992,Adjusted Employer NI,38995.425748699425,UK
883,1993,Adjusted Employer NI,40513.95592378776,UK
884,1994,Adjusted Employer NI,39981.59581438381,UK
885,1995,Adjusted Employer NI,40555.36800140744,UK
886,1996,Adjusted Employer NI,41661.30052319313,UK
887,1997,Adjusted Employer NI,43347.8208002411,UK
888,1998,Adjusted Employer NI,44969.28834230704,UK
889,1999,Adjusted Employer NI,48126.12510256471,UK
890,2000,Adjusted Employer NI,51733.58843654441,UK
891,2001,Adjusted Employer NI,53466.65249134043,UK
892,2002,Adjusted Employer NI,52708.902174707015,UK
893,2003,Adjusted Employer NI,58036.59623815282,UK
894,2004,Adjusted Employer NI,62696.70242039692,UK
895,2005,Adjusted Employer NI,65324.93240867506,UK
896,2006,Adjusted Employer NI,67999.64025653602,UK
897,2007,Adjusted Employer NI,72035.62460472347,UK
898,2008,Adjusted Employer NI,73876.68120002771,UK
899,2009,Adjusted Employer NI,69068.54283882277,UK
900,2010,Adjusted Employer NI,69218.61261063808,UK
901,2011,Adjusted Employer NI,69373.35547650034,UK
902,2012,Adjusted Employer NI,70455.68524958889,UK
903,2013,Adjusted Employer NI,70491.2155773747,UK
904,2014,Adjusted Employer NI,71582.13905067416,UK
905,2015,Adjusted Employer NI,74219.34709006675,UK
906,2016,Adjusted Employer NI,78872.1801379265,UK
907,2017,Adjusted Employer NI,82397.55599386862,UK
908,2018,Adjusted Employer NI,83560.25052663931,UK
909,2019,Adjusted Employer NI,85652.39178144,UK
910,2020,Adjusted Employer NI,86159.8584,UK
911,2021,Adjusted Employer NI,89367.0,UK
912,1965,Adjusted Capital gains,49.778089194360845,UK
913,1966,Adjusted Capital gains,111.77834162914252,UK
914,1967,Adjusted Capital gains,342.801872956554,UK
915,1968,Adjusted Capital gains,759.0038864628051,UK
916,1969,Adjusted Capital gains,2201.6680387173105,UK
917,1970,Adjusted Capital gains,3502.7731106790397,UK
918,1971,Adjusted Capital gains,2970.2847143182257,UK
919,1972,Adjusted Capital gains,3125.1673276945667,UK
920,1973,Adjusted Capital gains,3909.1551286724653,UK
921,1974,Adjusted Capital gains,4432.1608295263195,UK
922,1975,Adjusted Capital gains,3510.727288087883,UK
923,1976,Adjusted Capital gains,2592.2508442090457,UK
924,1977,Adjusted Capital gains,2147.208568091139,UK
925,1978,Adjusted Capital gains,2047.361315915581,UK
926,1979,Adjusted Capital gains,2295.4465874780904,UK
927,1980,Adjusted Capital gains,1809.6935686273457,UK
928,1981,Adjusted Capital gains,1601.0925758171454,UK
929,1982,Adjusted Capital gains,1792.17066355775,UK
930,1983,Adjusted Capital gains,1860.7817076484102,UK
931,1984,Adjusted Capital gains,1913.4631531229797,UK
932,1985,Adjusted Capital gains,2222.4611553081654,UK
933,1986,Adjusted Capital gains,2440.2862311648796,UK
934,1987,Adjusted Capital gains,2968.023783660679,UK
935,1988,Adjusted Capital gains,5031.773864248088,UK
936,1989,Adjusted Capital gains,4385.346611696951,UK
937,1990,Adjusted Capital gains,3835.2706840312344,UK
938,1991,Adjusted Capital gains,2563.5837454038888,UK
939,1992,Adjusted Capital gains,1935.2523855674801,UK
940,1993,Adjusted Capital gains,1380.4781404711082,UK
941,1994,Adjusted Capital gains,1412.430729931545,UK
942,1995,Adjusted Capital gains,1427.227324956594,UK
943,1996,Adjusted Capital gains,1583.1261624200993,UK
944,1997,Adjusted Capital gains,768.14888329839,UK
945,1998,Adjusted Capital gains,2285.167971172889,UK
946,1999,Adjusted Capital gains,3031.918192710958,UK
947,2000,Adjusted Capital gains,3361.4365826143085,UK
948,2001,Adjusted Capital gains,5091.206477078291,UK
949,2002,Adjusted Capital gains,4159.482415913636,UK
950,2003,Adjusted Capital gains,2220.2017011637304,UK
951,2004,Adjusted Capital gains,3294.690761632137,UK
952,2005,Adjusted Capital gains,3277.8427622814465,UK
953,2006,Adjusted Capital gains,3942.6841126792388,UK
954,2007,Adjusted Capital gains,5155.641839095618,UK
955,2008,Adjusted Capital gains,6844.076562469281,UK
956,2009,Adjusted Capital gains,9920.248888743085,UK
957,2010,Adjusted Capital gains,3117.419935601769,UK
958,2011,Adjusted Capital gains,4293.053249138811,UK
959,2012,Adjusted Capital gains,5038.860393922743,UK
960,2013,Adjusted Capital gains,4435.039635965045,UK
961,2014,Adjusted Capital gains,4385.095039196435,UK
962,2015,Adjusted Capital gains,6230.804100656519,UK
963,2016,Adjusted Capital gains,7801.7960821845945,UK
964,2017,Adjusted Capital gains,9223.285376445174,UK
965,2018,Adjusted Capital gains,8213.083481742744,UK
966,2019,Adjusted Capital gains,9511.75567276,UK
967,2020,Adjusted Capital gains,10511.3756,UK
968,2021,Adjusted Capital gains,12109.0,UK
969,1965,Adjusted Corporation tax,8030.865056690217,UK
970,1966,Adjusted Corporation tax,2251.5351671012995,UK
971,1967,Adjusted Corporation tax,18246.408783278395,UK
972,1968,Adjusted Corporation tax,19153.686311326084,UK
973,1969,Adjusted Corporation tax,19165.80254216736,UK
974,1970,Adjusted Corporation tax,21998.476581461546,UK
975,1971,Adjusted Corporation tax,18512.754117403798,UK
976,1972,Adjusted Corporation tax,16180.667069838899,UK
977,1973,Adjusted Corporation tax,20105.707677707986,UK
978,1974,Adjusted Corporation tax,25440.24572915611,UK
979,1975,Adjusted Corporation tax,16618.40171205535,UK
980,1976,Adjusted Corporation tax,13380.951976774313,UK
981,1977,Adjusted Corporation tax,16181.32114464712,UK
982,1978,Adjusted Corporation tax,18893.79829759595,UK
983,1979,Adjusted Corporation tax,21192.743163030234,UK
984,1980,Adjusted Corporation tax,24949.494869917246,UK
985,1981,Adjusted Corporation tax,27849.805358823487,UK
986,1982,Adjusted Corporation tax,31762.59223318904,UK
987,1983,Adjusted Corporation tax,34926.55432287506,UK
988,1984,Adjusted Corporation tax,38591.84979000338,UK
989,1985,Adjusted Corporation tax,43809.77814217991,UK
990,1986,Adjusted Corporation tax,38564.564590345086,UK
991,1987,Adjusted Corporation tax,39245.478713379904,UK
992,1988,Adjusted Corporation tax,43571.64034934532,UK
993,1989,Adjusted Corporation tax,51329.58399195538,UK
994,1990,Adjusted Corporation tax,40683.870311050145,UK
995,1991,Adjusted Corporation tax,31570.373482766357,UK
996,1992,Adjusted Corporation tax,23403.38765621959,UK
997,1993,Adjusted Corporation tax,22119.30452337019,UK
998,1994,Adjusted Corporation tax,26490.387794745347,UK
999,1995,Adjusted Corporation tax,33794.46485173043,UK
1000,1996,Adjusted Corporation tax,40271.993304526106,UK
1001,1997,Adjusted Corporation tax,50999.02990546013,UK
1002,1998,Adjusted Corporation tax,53247.544095412115,UK
1003,1999,Adjusted Corporation tax,50367.37563872902,UK
1004,2000,Adjusted Corporation tax,57865.05552731035,UK
1005,2001,Adjusted Corporation tax,51293.905256563776,UK
1006,2002,Adjusted Corporation tax,46128.95499123512,UK
1007,2003,Adjusted Corporation tax,45781.8394040099,UK
1008,2004,Adjusted Corporation tax,54637.91177696222,UK
1009,2005,Adjusted Corporation tax,66082.54700939106,UK
1010,2006,Adjusted Corporation tax,68961.30398756877,UK
1011,2007,Adjusted Corporation tax,67204.22011621547,UK
1012,2008,Adjusted Corporation tax,59349.84395775177,UK
1013,2009,Adjusted Corporation tax,49281.35925881929,UK
1014,2010,Adjusted Corporation tax,56665.95029545178,UK
1015,2011,Adjusted Corporation tax,53920.74880918347,UK
1016,2012,Adjusted Corporation tax,50251.413000952656,UK
1017,2013,Adjusted Corporation tax,49100.27607228446,UK
1018,2014,Adjusted Corporation tax,50445.39837375031,UK
1019,2015,Adjusted Corporation tax,48917.728216978016,UK
1020,2016,Adjusted Corporation tax,60348.992329204375,UK
1021,2017,Adjusted Corporation tax,58788.746895353404,UK
1022,2018,Adjusted Corporation tax,57609.561203025834,UK
1023,2019,Adjusted Corporation tax,53064.76689844,UK
1024,2020,Adjusted Corporation tax,51338.9404,UK
1025,2021,Adjusted Corporation tax,61360.0,UK
1026,1965,Adjusted Property taxes,26398.97996940937,UK
1027,1966,Adjusted Property taxes,27816.83873113804,UK
1028,1967,Adjusted Property taxes,29216.068717888124,UK
1029,1968,Adjusted Property taxes,30866.15804948741,UK
1030,1969,Adjusted Property taxes,31966.52633137634,UK
1031,1970,Adjusted Property taxes,31551.494156040742,UK
1032,1971,Adjusted Property taxes,32479.154080238884,UK
1033,1972,Adjusted Property taxes,35803.547428152975,UK
1034,1973,Adjusted Property taxes,32828.607791450995,UK
1035,1974,Adjusted Property taxes,32937.388745229866,UK
1036,1975,Adjusted Property taxes,34143.26169931372,UK
1037,1976,Adjusted Property taxes,33100.5744702217,UK
1038,1977,Adjusted Property taxes,32272.06525292315,UK
1039,1978,Adjusted Property taxes,32683.957930277338,UK
1040,1979,Adjusted Property taxes,34288.504601610344,UK
1041,1980,Adjusted Property taxes,35951.10760114568,UK
1042,1981,Adjusted Property taxes,40721.01158946851,UK
1043,1982,Adjusted Property taxes,41928.31704438317,UK
1044,1983,Adjusted Property taxes,40459.7030398638,UK
1045,1984,Adjusted Property taxes,40262.683609589156,UK
1046,1985,Adjusted Property taxes,41608.11194505006,UK
1047,1986,Adjusted Property taxes,45490.855891159095,UK
1048,1987,Adjusted Property taxes,49208.8691221075,UK
1049,1988,Adjusted Property taxes,51791.13098947065,UK
1050,1989,Adjusted Property taxes,51861.87131795056,UK
1051,1990,Adjusted Property taxes,33524.15780787978,UK
1052,1991,Adjusted Property taxes,29001.130612096676,UK
1053,1992,Adjusted Property taxes,27566.074054998477,UK
1054,1993,Adjusted Property taxes,37271.151221840344,UK
1055,1994,Adjusted Property taxes,40958.77078953742,UK
1056,1995,Adjusted Property taxes,41934.01599253336,UK
1057,1996,Adjusted Property taxes,44330.79000900233,UK
1058,1997,Adjusted Property taxes,47237.96898308626,UK
1059,1998,Adjusted Property taxes,50935.76800402693,UK
1060,1999,Adjusted Property taxes,55359.04206965092,UK
1061,2000,Adjusted Property taxes,62537.01148315557,UK
1062,2001,Adjusted Property taxes,63261.23530503722,UK
1063,2002,Adjusted Property taxes,65849.62162271218,UK
1064,2003,Adjusted Property taxes,67733.61087659074,UK
1065,2004,Adjusted Property taxes,72312.43534448095,UK
1066,2005,Adjusted Property taxes,75674.31330862286,UK
1067,2006,Adjusted Property taxes,81838.81817188332,UK
1068,2007,Adjusted Property taxes,84934.10796880182,UK
1069,2008,Adjusted Property taxes,77767.2436332317,UK
1070,2009,Adjusted Property taxes,74148.62422753037,UK
1071,2010,Adjusted Property taxes,76502.50082727456,UK
1072,2011,Adjusted Property taxes,75611.40035045732,UK
1073,2012,Adjusted Property taxes,75943.32278057997,UK
1074,2013,Adjusted Property taxes,80572.9176714316,UK
1075,2014,Adjusted Property taxes,83571.12781266727,UK
1076,2015,Adjusted Property taxes,85310.22303849441,UK
1077,2016,Adjusted Property taxes,89744.966490988,UK
1078,2017,Adjusted Property taxes,92173.59200093486,UK
1079,2018,Adjusted Property taxes,93384.98178663861,UK
1080,2019,Adjusted Property taxes,93522.08317892,UK
1081,2020,Adjusted Property taxes,82153.3768,UK
1082,2021,Adjusted Property taxes,88393.0,UK
1083,1965,Adjusted Inheritance tax,4762.1038662605215,UK
1084,1966,Adjusted Inheritance tax,4918.247031682271,UK
1085,1967,Adjusted Inheritance tax,4939.463351237619,UK
1086,1968,Adjusted Inheritance tax,5655.323075605214,UK
1087,1969,Adjusted Inheritance tax,6350.965496299935,UK
1088,1970,Adjusted Inheritance tax,5081.674626477547,UK
1089,1971,Adjusted Inheritance tax,4897.93887585536,UK
1090,1972,Adjusted Inheritance tax,5469.042823465492,UK
1091,1973,Adjusted Inheritance tax,4344.657822052422,UK
1092,1974,Adjusted Inheritance tax,3395.6070871371,UK
1093,1975,Adjusted Inheritance tax,2208.5927816454514,UK
1094,1976,Adjusted Inheritance tax,2407.0900696226854,UK
1095,1977,Adjusted Inheritance tax,2093.927958461086,UK
1096,1978,Adjusted Inheritance tax,1830.8134844245099,UK
1097,1979,Adjusted Inheritance tax,1813.7933337728577,UK
1098,1980,Adjusted Inheritance tax,1761.8764621392247,UK
1099,1981,Adjusted Inheritance tax,3320.5410709965436,UK
1100,1982,Adjusted Inheritance tax,2122.1480323547003,UK
1101,1983,Adjusted Inheritance tax,1996.795300586941,UK
1102,1984,Adjusted Inheritance tax,2067.863638101203,UK
1103,1985,Adjusted Inheritance tax,2399.2182998239027,UK
1104,1986,Adjusted Inheritance tax,2575.997308902164,UK
1105,1987,Adjusted Inheritance tax,2627.7869108995765,UK
1106,1988,Adjusted Inheritance tax,2564.53667943031,UK
1107,1989,Adjusted Inheritance tax,2589.150696816082,UK
1108,1990,Adjusted Inheritance tax,2677.797343343161,UK
1109,1991,Adjusted Inheritance tax,2382.4917368985366,UK
1110,1992,Adjusted Inheritance tax,2213.005290858619,UK
1111,1993,Adjusted Inheritance tax,2249.2121549841368,UK
1112,1994,Adjusted Inheritance tax,2473.9042504769327,UK
1113,1995,Adjusted Inheritance tax,2413.8903465521735,UK
1114,1996,Adjusted Inheritance tax,2640.1723346532726,UK
1115,1997,Adjusted Inheritance tax,2551.46548166125,UK
1116,1998,Adjusted Inheritance tax,2809.504457709134,UK
1117,1999,Adjusted Inheritance tax,3001.152914246108,UK
1118,2000,Adjusted Inheritance tax,3367.517879009811,UK
1119,2001,Adjusted Inheritance tax,3587.8031526704663,UK
1120,2002,Adjusted Inheritance tax,3511.960153294456,UK
1121,2003,Adjusted Inheritance tax,3515.0768741884485,UK
1122,2004,Adjusted Inheritance tax,4119.7984218840875,UK
1123,2005,Adjusted Inheritance tax,4427.617796392177,UK
1124,2006,Adjusted Inheritance tax,4904.347843711997,UK
1125,2007,Adjusted Inheritance tax,5181.098490588034,UK
1126,2008,Adjusted Inheritance tax,4215.423102110902,UK
1127,2009,Adjusted Inheritance tax,3047.7949560936845,UK
1128,2010,Adjusted Inheritance tax,3272.2381683988374,UK
1129,2011,Adjusted Inheritance tax,3501.223427630986,UK
1130,2012,Adjusted Inheritance tax,3637.885134421842,UK
1131,2013,Adjusted Inheritance tax,4836.261827532359,UK
1132,2014,Adjusted Inheritance tax,4353.724916279343,UK
1133,2015,Adjusted Inheritance tax,4989.554699020896,UK
1134,2016,Adjusted Inheritance tax,5308.757560738639,UK
1135,2017,Adjusted Inheritance tax,5797.955445169566,UK
1136,2018,Adjusted Inheritance tax,5637.607130215104,UK
1137,2019,Adjusted Inheritance tax,5346.54471472,UK
1138,2020,Adjusted Inheritance tax,5384.350399999999,UK
1139,2021,Adjusted Inheritance tax,6026.0,UK
1140,1965,Adjusted VAT,0.0,UK
1141,1966,Adjusted VAT,0.0,UK
1142,1967,Adjusted VAT,0.0,UK
1143,1968,Adjusted VAT,0.0,UK
1144,1969,Adjusted VAT,0.0,UK
1145,1970,Adjusted VAT,0.0,UK
1146,1971,Adjusted VAT,0.0,UK
1147,1972,Adjusted VAT,0.0,UK
1148,1973,Adjusted VAT,15895.848308368406,UK
1149,1974,Adjusted VAT,21499.554346452267,UK
1150,1975,Adjusted VAT,23927.620820041597,UK
1151,1976,Adjusted VAT,22929.075919610965,UK
1152,1977,Adjusted VAT,22953.286628626865,UK
1153,1978,Adjusted VAT,25660.91803169192,UK
1154,1979,Adjusted VAT,34505.465526702785,UK
1155,1980,Adjusted VAT,43760.008914551894,UK
1156,1981,Adjusted VAT,42923.746755377106,UK
1157,1982,Adjusted VAT,43314.82745639238,UK
1158,1983,Adjusted VAT,46927.58347002585,UK
1159,1984,Adjusted VAT,50833.6025275625,UK
1160,1985,Adjusted VAT,55179.42152617747,UK
1161,1986,Adjusted VAT,57086.61353337821,UK
1162,1987,Adjusted VAT,60376.360236564105,UK
1163,1988,Adjusted VAT,66860.96938124497,UK
1164,1989,Adjusted VAT,69519.35335435871,UK
1165,1990,Adjusted VAT,69197.04020617876,UK
1166,1991,Adjusted VAT,70782.45244944085,UK
1167,1992,Adjusted VAT,74003.11335714751,UK
1168,1993,Adjusted VAT,73441.43707306296,UK
1169,1994,Adjusted VAT,76883.71415425182,UK
1170,1995,Adjusted VAT,79634.92934402761,UK
1171,1996,Adjusted VAT,84192.34319734544,UK
1172,1997,Adjusted VAT,86815.16684165933,UK
1173,1998,Adjusted VAT,90059.09581734032,UK
1174,1999,Adjusted VAT,95484.65650743141,UK
1175,2000,Adjusted VAT,98848.43226070426,UK
1176,2001,Adjusted VAT,101612.99421413404,UK
1177,2002,Adjusted VAT,106400.15019657661,UK
1178,2003,Adjusted VAT,114001.39219946609,UK
1179,2004,Adjusted VAT,118659.091363294,UK
1180,2005,Adjusted VAT,118982.0377291433,UK
1181,2006,Adjusted VAT,122116.20354010268,UK
1182,2007,Adjusted VAT,125104.70402383426,UK
1183,2008,Adjusted VAT,120928.41330139084,UK
1184,2009,Adjusted VAT,102975.10305215821,UK
1185,2010,Adjusted VAT,120939.04927762032,UK
1186,2011,Adjusted VAT,135332.5411051439,UK
1187,2012,Adjusted VAT,135402.80553692442,UK
1188,2013,Adjusted VAT,138052.25888885555,UK
1189,2014,Adjusted VAT,143010.7885713611,UK
1190,2015,Adjusted VAT,148353.86058793537,UK
1191,2016,Adjusted VAT,151631.11156103073,UK
1192,2017,Adjusted VAT,154492.18502867548,UK
1193,2018,Adjusted VAT,157271.54240837743,UK
1194,2019,Adjusted VAT,160475.02800207998,UK
1195,2020,Adjusted VAT,142975.4172,UK
1196,2021,Adjusted VAT,157118.0,UK
1197,1965,Tax % GDP,0.2684366568481596,UK
1198,1966,Tax % GDP,0.2776608499606137,UK
1199,1967,Tax % GDP,0.29398235146824386,UK
1200,1968,Tax % GDP,0.2993745443420881,UK
1201,1969,Tax % GDP,0.3149824623482158,UK
1202,1970,Tax % GDP,0.3248946224049672,UK
1203,1971,Tax % GDP,0.302863883702699,UK
1204,1972,Tax % GDP,0.2887950925690191,UK
1205,1973,Tax % GDP,0.26972316325008977,UK
1206,1974,Tax % GDP,0.29540942879307025,UK
1207,1975,Tax % GDP,0.31200977060610074,UK
1208,1976,Tax % GDP,0.30585614267934225,UK
1209,1977,Tax % GDP,0.2954905961250071,UK
1210,1978,Tax % GDP,0.2879563188974942,UK
1211,1979,Tax % GDP,0.2812125352170956,UK
1212,1980,Tax % GDP,0.3104428633236354,UK
1213,1981,Tax % GDP,0.31979175293141954,UK
1214,1982,Tax % GDP,0.3365110425498742,UK
1215,1983,Tax % GDP,0.32330219863499016,UK
1216,1984,Tax % GDP,0.3245230557081024,UK
1217,1985,Tax % GDP,0.3217697308033255,UK
1218,1986,Tax % GDP,0.3287162176920536,UK
1219,1987,Tax % GDP,0.3183099505812252,UK
1220,1988,Tax % GDP,0.32336153421473174,UK
1221,1989,Tax % GDP,0.32242574620485365,UK
1222,1990,Tax % GDP,0.320881390480412,UK
1223,1991,Tax % GDP,0.3065748329817827,UK
1224,1992,Tax % GDP,0.29555000444338897,UK
1225,1993,Tax % GDP,0.28654491860290754,UK
1226,1994,Tax % GDP,0.2913552438433515,UK
1227,1995,Tax % GDP,0.30270944538975464,UK
1228,1996,Tax % GDP,0.30637769569713325,UK
1229,1997,Tax % GDP,0.3082642130004622,UK
1230,1998,Tax % GDP,0.32213462808587634,UK
1231,1999,Tax % GDP,0.3274150869538019,UK
1232,2000,Tax % GDP,0.33601424508731936,UK
1233,2001,Tax % GDP,0.3324754831318599,UK
1234,2002,Tax % GDP,0.3265772560222813,UK
1235,2003,Tax % GDP,0.32739860886534744,UK
1236,2004,Tax % GDP,0.3415076129862591,UK
1237,2005,Tax % GDP,0.3488103881962717,UK
1238,2006,Tax % GDP,0.3541852722540534,UK
1239,2007,Tax % GDP,0.35521741783342503,UK
1240,2008,Tax % GDP,0.34562419105738357,UK
1241,2009,Tax % GDP,0.3335672847333061,UK
1242,2010,Tax % GDP,0.3401624423269979,UK
1243,2011,Tax % GDP,0.34348007398514513,UK
1244,2012,Tax % GDP,0.3326921845503967,UK
1245,2013,Tax % GDP,0.33090108516907374,UK
1246,2014,Tax % GDP,0.32714462525689597,UK
1247,2015,Tax % GDP,0.3297237953574514,UK
1248,2016,Tax % GDP,0.33926721172304425,UK
1249,2017,Tax % GDP,0.3390023751945447,UK
1250,2018,Tax % GDP,0.33699699988704745,UK
1251,2019,Tax % GDP,0.3361462472118008,UK
1252,2020,Tax % GDP,0.35544615727622086,UK
1253,2021,Tax % GDP,0.36223253893792207,UK
1254,1965,Adjusted Other,54573.37845341762,UK
1255,1966,Adjusted Other,56032.88582523732,UK
1256,1967,Adjusted Other,60894.078159736964,UK
1257,1968,Adjusted Other,66241.69213031267,UK
1258,1969,Adjusted Other,75096.6386795821,UK
1259,1970,Adjusted Other,79688.08826794816,UK
1260,1971,Adjusted Other,72850.77897280906,UK
1261,1972,Adjusted Other,69263.21936053503,UK
1262,1973,Adjusted Other,47729.02137209376,UK
1263,1974,Adjusted Other,37896.762254074885,UK
1264,1975,Adjusted Other,35200.79635371722,UK
1265,1976,Adjusted Other,41284.680706938816,UK
1266,1977,Adjusted Other,49268.579724910116,UK
1267,1978,Adjusted Other,49387.67020483856,UK
1268,1979,Adjusted Other,44030.0501382612,UK
1269,1980,Adjusted Other,53691.25410823853,UK
1270,1981,Adjusted Other,48627.844535752374,UK
1271,1982,Adjusted Other,62550.38893653761,UK
1272,1983,Adjusted Other,52732.75937289168,UK
1273,1984,Adjusted Other,53703.79725724697,UK
1274,1985,Adjusted Other,51101.01035345404,UK
1275,1986,Adjusted Other,53779.28430555848,UK
1276,1987,Adjusted Other,55987.06327519927,UK
1277,1988,Adjusted Other,59848.45580524177,UK
1278,1989,Adjusted Other,54939.49968430126,UK
1279,1990,Adjusted Other,73664.76567531459,UK
1280,1991,Adjusted Other,71503.04773328512,UK
1281,1992,Adjusted Other,68601.36042632308,UK
1282,1993,Adjusted Other,59079.188699524675,UK
1283,1994,Adjusted Other,58670.067214196664,UK
1284,1995,Adjusted Other,65397.83423275285,UK
1285,1996,Adjusted Other,66523.87343403965,UK
1286,1997,Adjusted Other,68935.78443144221,UK
1287,1998,Adjusted Other,72181.56940176722,UK
1288,1999,Adjusted Other,74192.00728190877,UK
1289,2000,Adjusted Other,74304.32000845391,UK
1290,2001,Adjusted Other,72175.33888093347,UK
1291,2002,Adjusted Other,72914.84175470739,UK
1292,2003,Adjusted Other,73585.28272592276,UK
1293,2004,Adjusted Other,74720.31474257272,UK
1294,2005,Adjusted Other,72712.72896036936,UK
1295,2006,Adjusted Other,71373.00846567948,UK
1296,2007,Adjusted Other,72550.11692962295,UK
1297,2008,Adjusted Other,73432.74809470866,UK
1298,2009,Adjusted Other,76480.48567457066,UK
1299,2010,Adjusted Other,78127.47299871256,UK
1300,2011,Adjusted Other,79533.58149946225,UK
1301,2012,Adjusted Other,78095.36029538186,UK
1302,2013,Adjusted Other,76991.46972347517,UK
1303,2014,Adjusted Other,78227.0033014341,UK
1304,2015,Adjusted Other,78878.49727210565,UK
1305,2016,Adjusted Other,80894.45872580144,UK
1306,2017,Adjusted Other,82121.71942186262,UK
1307,2018,Adjusted Other,82859.76309360622,UK
1308,2019,Adjusted Other,84054.84753380006,UK
1309,2020,Adjusted Other,75164.58839999989,UK
1310,2021,Adjusted Other,78074.0,UK
